{"1": {"\u03b2[0]": 0.36199683807178423, "\u03b3[0]": 0.5029359075196973}, "2": {"\u03b2[0]": 1.811007644443028, "\u03b2[1]": 0.18542846088645834, "\u03b3[0]": 0.15249108740957115, "\u03b3[1]": 0.5554023026528994}}