{"1": {"\u03b2[0]": 1.1432211586160195, "\u03b3[0]": 0.16791903905396885}, "2": {"\u03b2[0]": 2.1793393575896345, "\u03b2[1]": 0.2635318670742302, "\u03b3[0]": -0.3318966172351287, "\u03b3[1]": -0.4890278147376788}, "3": {"\u03b2[0]": 0.9108046016969316, "\u03b2[1]": 1.6533597130442965, "\u03b2[2]": 0.36713736461531243, "\u03b3[0]": 1.124248854984687, "\u03b3[1]": 1.4391323267809544, "\u03b3[2]": 0.8122405401742472}, "4": {"\u03b2[0]": 1.8860954473635914, "\u03b2[1]": 0.7829088166658794, "\u03b2[2]": 1.4390058019049163, "\u03b2[3]": 0.3647433960752394, "\u03b3[0]": 1.1013724160791691, "\u03b3[1]": 0.2578042756577042, "\u03b3[2]": 0.4586860037650799, "\u03b3[3]": 0.6476436803738159}, "5": {"\u03b2[0]": 2.0378527767491765, "\u03b2[1]": 1.778389757025794, "\u03b2[2]": 0.6775960764773354, "\u03b2[3]": 1.3995447344841632, "\u03b2[4]": 0.31696269805241417, "\u03b3[0]": 1.0418370838078752, "\u03b3[1]": 0.21256895967804298, "\u03b3[2]": 0.36385781146725193, "\u03b3[3]": 0.51486716096244, "\u03b3[4]": 0.6666447660723642}, "6": {"\u03b2[0]": 0.9477305662282959, "\u03b2[1]": 1.789909880653376, "\u03b2[2]": 1.6678908117387943, "\u03b2[3]": 0.5818722566056755, "\u03b2[4]": 1.3377619535974725, "\u03b2[5]": 0.2790430648509349, "\u03b3[0]": 0.04422539688813181, "\u03b3[1]": 0.14012060896507603, "\u03b3[2]": 0.2614893521212991, "\u03b3[3]": 0.3927535681797378, "\u03b3[4]": 0.6211481505931635, "\u03b3[5]": 0.7111685879687389}, "7": {"\u03b2[0]": 1.8941399895786442, "\u03b2[1]": 1.90867016261959, "\u03b2[2]": 1.7175397279986044, "\u03b2[3]": 1.6816624613310134, "\u03b2[4]": 0.4393506211602678, "\u03b2[5]": 1.4165485386967354, "\u03b2[6]": 0.29687403114358246, "\u03b3[0]": 1.2324517960429684, "\u03b3[1]": 0.07647625678256259, "\u03b3[2]": 1.2701014969236186, "\u03b3[3]": 0.3594685266409687, "\u03b3[4]": 0.47626885261846935, "\u03b3[5]": 0.5930163450895781, "\u03b3[6]": 0.6989907180834257}}