{"1": {"\u03b2[0]": 1.2588634610239864, "\u03b3[0]": 0.18614573359241293}, "2": {"\u03b2[0]": 3.8473156487317204, "\u03b2[1]": 3.679937252479205, "\u03b3[0]": -0.99362765274028, "\u03b3[1]": 0.3555146452475003}}