{"1": {"\u03b2[0]": 0.5135066090280633, "\u03b3[0]": 0.49050756868137674}, "2": {"\u03b2[0]": 1.8388552652624444, "\u03b2[1]": 0.30153542303928904, "\u03b3[0]": -0.05574331329262906, "\u03b3[1]": 0.45087845962727297}}